transaction_id,payment_id,timestamp,amount,currency,tax,status
TX1001,PAY_0001,1756896300,3233.19,INR,581.97,SUCCESS
TX1002,PAY_0002,1756896600,3733.6,INR,672.05,SUCCESS
TX1003,PAY_0003,1756896900,1193.73,INR,214.87,SUCCESS
TX1004,PAY_0004,1756897200,602.23,INR,108.4,SUCCESS
TX1005,PAY_0005,1756897500,4471.68,INR,804.9,SUCCESS
TX1006,PAY_0006,1756897800,2993.41,INR,538.81,SUCCESS
TX1007,PAY_0007,1756898100,246.01,INR,44.28,SUCCESS
TX1008,PAY_0008,1756898400,1240.04,INR,223.21,SUCCESS
TX1009,PAY_0009,1756898700,230.03,INR,41.41,SUCCESS
TX1010,PAY_0010,1756899000,3608.5,INR,649.53,SUCCESS
TX1011,PAY_0011,1756899300,2770.21,INR,498.64,SUCCESS
TX1012,PAY_0012,1756899600,2301.12,INR,414.2,SUCCESS
TX1013,PAY_0013,1756899900,4066.21,INR,731.92,SUCCESS
TX1014,PAY_0014,1756900200,3818.16,INR,687.27,SUCCESS
TX1015,PAY_0015,1756900500,3520.88,INR,633.76,SUCCESS
TX1016,PAY_0016,1756900800,1461.57,INR,263.08,SUCCESS
TX1017,PAY_0017,1756901100,4790.34,INR,862.26,SUCCESS
TX1018,PAY_0018,1756901400,600.83,INR,108.15,SUCCESS
TX1019,PAY_0019,1756901700,573.91,INR,103.3,SUCCESS
TX1020,PAY_0020,1756902000,1785.38,INR,321.37,SUCCESS
TX1021,PAY_0021,1756902300,4054.93,INR,729.89,SUCCESS
TX1022,PAY_0022,1756902600,2351.18,INR,423.21,SUCCESS
TX1023,PAY_0023,1756902900,4868.27,INR,876.29,SUCCESS
TX1024,PAY_0024,1756903200,486.12,INR,87.5,SUCCESS
TX1025,PAY_0025,1756903500,4164.08,INR,749.53,SUCCESS
TX1026,PAY_0026,1756903800,4438.71,INR,798.97,SUCCESS
TX1027,PAY_0027,1756904100,2929.03,INR,527.23,SUCCESS
TX1028,PAY_0028,1756904400,440.82,INR,79.35,SUCCESS
TX1029,PAY_0029,1756904700,1216.7,INR,219.01,SUCCESS
TX1030,PAY_0030,1756905000,4927.59,INR,886.97,SUCCESS
TX1031,PAY_0031,1756905300,1240.68,INR,223.32,SUCCESS
TX1032,PAY_0032,1756905600,1962.62,INR,353.27,SUCCESS
TX1033,PAY_0033,1756905900,3214.85,INR,578.67,SUCCESS
TX1034,PAY_0034,1756906200,897.01,INR,161.46,SUCCESS
TX1035,PAY_0035,1756906500,1126.58,INR,202.78,SUCCESS
TX1036,PAY_0036,1756906800,3538.92,INR,637.01,SUCCESS
TX1037,PAY_0037,1756907100,3275.37,INR,589.57,SUCCESS
TX1038,PAY_0038,1756907400,3211.39,INR,578.05,SUCCESS
TX1039,PAY_0039,1756907700,3672.72,INR,661.09,SUCCESS
TX1040,PAY_0040,1756908000,2365.08,INR,425.71,SUCCESS
TX1041,PAY_0041,1756908300,4948.66,INR,890.76,SUCCESS
TX1042,PAY_0042,1756908600,3471.99,INR,624.96,SUCCESS
TX1043,PAY_0043,1756908900,3454.61,INR,621.83,SUCCESS
TX1044,PAY_0044,1756909200,3864.74,INR,695.65,SUCCESS
TX1045,PAY_0045,1756909500,1222.34,INR,220.02,SUCCESS
TX1046,PAY_0046,1756909800,4044.72,INR,728.05,SUCCESS
TX1047,PAY_0047,1756910100,1411.93,INR,254.15,SUCCESS
TX1048,PAY_0048,1756910400,4574.37,INR,823.39,SUCCESS
TX1049,PAY_0049,1756910700,4394.2,INR,790.96,SUCCESS
TX1050,PAY_0050,1756911000,1141.87,INR,205.54,SUCCESS
TX1051,PAY_0051,1756911300,2038.6,INR,366.95,SUCCESS
TX1052,PAY_0052,1756911600,2348.37,INR,422.71,SUCCESS
TX1053,PAY_0053,1756911900,784.19,INR,141.15,SUCCESS
TX1054,PAY_0054,1756912200,2850.7,INR,513.13,SUCCESS
TX1055,PAY_0055,1756912500,3760.37,INR,676.87,SUCCESS
TX1056,PAY_0056,1756912800,4499.33,INR,809.88,SUCCESS
TX1057,PAY_0057,1756913100,1873.78,INR,337.28,SUCCESS
TX1058,PAY_0058,1756913400,2596.68,INR,467.4,SUCCESS
TX1059,PAY_0059,1756913700,3803.33,INR,684.6,SUCCESS
TX1060,PAY_0060,1756914000,637.28,INR,114.71,SUCCESS
TX1061,PAY_0061,1756914300,883.91,INR,159.1,SUCCESS
TX1062,PAY_0062,1756914600,2168.58,INR,390.34,SUCCESS
TX1063,PAY_0063,1756914900,1985.36,INR,357.36,SUCCESS
TX1064,PAY_0064,1756915200,4980.99,INR,896.58,SUCCESS
TX1065,PAY_0065,1756915500,1331.93,INR,239.75,SUCCESS
TX1066,PAY_0066,1756915800,4317.82,INR,777.21,SUCCESS
TX1067,PAY_0067,1756916100,3433.39,INR,618.01,SUCCESS
TX1068,PAY_0068,1756916400,3440.38,INR,619.27,SUCCESS
TX1069,PAY_0069,1756916700,3779.3,INR,680.27,SUCCESS
TX1070,PAY_0070,1756917000,3240.71,INR,583.33,SUCCESS
TX1071,PAY_0071,1756917300,1538.15,INR,276.87,SUCCESS
TX1072,PAY_0072,1756917600,2323.25,INR,418.19,SUCCESS
TX1073,PAY_0073,1756917900,4391.68,INR,790.5,SUCCESS
TX1074,PAY_0074,1756918200,4862.25,INR,875.2,SUCCESS
TX1075,PAY_0075,1756918500,975.39,INR,175.57,SUCCESS
TX1076,PAY_0076,1756918800,4365.54,INR,785.8,SUCCESS
TX1077,PAY_0077,1756919100,4224.18,INR,760.35,SUCCESS
TX1078,PAY_0078,1756919400,3083.95,INR,555.11,SUCCESS
TX1079,PAY_0079,1756919700,1932.18,INR,347.79,SUCCESS
TX1080,PAY_0080,1756920000,2742.96,INR,493.73,SUCCESS
TX1081,PAY_0081,1756920300,4619.93,INR,831.59,SUCCESS
TX1082,PAY_0082,1756920600,3034.83,INR,546.27,SUCCESS
TX1083,PAY_0083,1756920900,195.44,INR,35.18,SUCCESS
TX1084,PAY_0084,1756921200,4405.74,INR,793.03,SUCCESS
TX1085,PAY_0085,1756921500,4053.2,INR,729.58,SUCCESS
TX1086,PAY_0086,1756921800,383.83,INR,69.09,SUCCESS
TX1087,PAY_0087,1756922100,2880.05,INR,518.41,SUCCESS
TX1088,PAY_0088,1756922400,519.7,INR,93.55,SUCCESS
TX1089,PAY_0089,1756922700,4098.51,INR,737.73,SUCCESS
TX1090,PAY_0090,1756923000,2710.26,INR,487.85,SUCCESS
TX1091,PAY_0091,1756923300,729.12,INR,131.24,SUCCESS
TX1092,PAY_0092,1756923600,4739.56,INR,853.12,SUCCESS
TX1093,PAY_0093,1756923900,1398.78,INR,251.78,SUCCESS
TX1094,PAY_0094,1756924200,3072.31,INR,553.02,SUCCESS
TX1095,PAY_0095,1756924500,4651.68,INR,837.3,SUCCESS
TX1096,PAY_0096,1756924800,3676.66,INR,661.8,SUCCESS
TX1097,PAY_0097,1756925100,3593.45,INR,646.82,SUCCESS
TX1098,PAY_0098,1756925400,4976.23,INR,895.72,SUCCESS
TX1099,PAY_0099,1756925700,1929.76,INR,347.36,SUCCESS
TX10100,PAY_0100,1756926000,2636.12,INR,474.5,SUCCESS
